<?xml version="1.0" encoding="UTF-8"?>
<project-private xmlns="http://www.netbeans.org/ns/project-private/1">
    <editor-bookmarks xmlns="http://www.netbeans.org/ns/editor-bookmarks/2" lastBookmarkId="0"/>
    <open-files xmlns="http://www.netbeans.org/ns/projectui-open-files/2">
        <group>
            <file>file:/X:/Program/java/latihan/UTS-PBO-Genap24-1155-Frendi/src/uts/pbo/Frendi1049/Pembayaran.java</file>
            <file>file:/X:/Program/java/latihan/UTS-PBO-Genap24-1155-Frendi/src/uts/pbo/Frendi1049/Dokter.java</file>
            <file>file:/X:/Program/java/latihan/UTS-PBO-Genap24-1155-Frendi/src/uts/pbo/Frendi1049/Utama.java</file>
            <file>file:/X:/Program/java/latihan/UTS-PBO-Genap24-1155-Frendi/src/uts/pbo/Frendi1049/Screening.java</file>
            <file>file:/X:/Program/java/latihan/UTS-PBO-Genap24-1155-Frendi/src/uts/pbo/Frendi1049/Pasien.java</file>
        </group>
    </open-files>
</project-private>
